{"plate_name": "shallow-384_well_plate_M1", "well_spacing": 4.5, "rows": 16, "columns": 24, "top_left": {"x": 290.6000000000005, "y": -45.099999999999994, "z": 146.29999999999998}, "top_right": {"x": 289.79999999999995, "y": 58.50000000000004, "z": 146.5}, "bottom_right": {"x": 357.2999999999997, "y": 59.099999999999945, "z": 147.0}, "bottom_left": {"x": 357.60000000000014, "y": -44.9, "z": 146.70000000000002}}