{"plate_name": "shallow-384_well_plate_M1", "well_spacing": 4.5, "rows": 16, "columns": 24, "top_left": {"x": 322.1000000000005, "y": -43.599999999999994, "z": 125.79999999999995}, "top_right": {"x": 321.69999999999993, "y": 60.200000000000045, "z": 125.70000000000005}, "bottom_right": {"x": 389.89999999999975, "y": 61.099999999999945, "z": 126.20000000000002}, "bottom_left": {"x": 390.4000000000003, "y": -42.400000000000006, "z": 126.20000000000005}}