{"plate_name": "shallow-384_well_plate", "well_spacing": 4.5, "rows": 16, "columns": 24, "top_left": {"x": 143.2, "y": -55.09999999999998, "z": -5.400000000000011}, "top_right": {"x": 144.5, "y": 45.50000000000003, "z": -4.500000000000016}, "bottom_right": {"x": 212.5, "y": 45.300000000000026, "z": -3.2000000000000117}, "bottom_left": {"x": 211.39999999999995, "y": -56.99999999999998, "z": -3.500000000000014}}