{
  "plate_name": "shallow-384_well_plate",
  "well_spacing": 4.5,
  "rows": 16,
  "columns": 24,
  "top_left": {"x": 181.09999999999997, "y": -49.999999999999986, "z": 26.599999999999987},
  "top_right": {"x": 181.09999999999997, "y": 51.500000000000014, "z": 26.699999999999974},
  "bottom_right": {"x": 249.59999999999997, "y": 51.000, "z": 28.599999999999986},
  "bottom_left": {"x": 249.09999999999997, "y": -50.999999999999986, "z": 28.499999999999986}
 }
