{"plate_name": "shallow-384_well_plate_M1", "well_spacing": 4.5, "rows": 16, "columns": 24, "top_left": {"x": 277.0, "y": -29.200000000000003, "z": 71.9}, "top_right": {"x": 276.0, "y": 75.0, "z": 71.0}, "bottom_right": {"x": 343.19999999999993, "y": 75.39999999999998, "z": 71.4}, "bottom_left": {"x": 344.0, "y": -28.5, "z": 71.70000000000002}}