{"plate_name": "shallow-384_well_plate", "well_spacing": 4.5, "rows": 16, "columns": 24, "top_left": {"x": 180.7, "y": -48.69999999999998, "z": 26.69999999999999}, "top_right": {"x": 180.79999999999998, "y": 53.00000000000003, "z": 26.899999999999984}, "bottom_right": {"x": 249.5, "y": 53.300000000000026, "z": 28.69999999999999}, "bottom_left": {"x": 249.09999999999997, "y": -49.29999999999998, "z": 28.499999999999986}}